art_design;30179569;43688579;36008740;23390361;62122883;32439535;75338985;68229174;39111205;36184135;23308460;27725748;36326284;35555977;35059398;51696572;49592543;34010064;46619709;29078047;28890647;34802894;38379853;31541440;42541008;40836944;29686754;25817269;64628087;18099999;31963425;28587219;24253689;69580110;64173570;5880263;86747483;37684434;23475118;77177875;45244683;25678227;23626127;42358972;29684347;38462835;1792796;27531145;33733027;56905360;32515782;28846625;42564857;26127512;31577711;31727306;71534162;49290489;86441049;42689002;24652430;35822250;39444069;39488246;36859750;55801077;42879402;48713061;30026037;69938598;64392368;56882509;27060808;45770903;35323770;45571312;33301261;50579622;27260779;55623462;30936477;52361900;38976531;32131490;41538339;83556334;24682007;83034492;35238813;49056314;29411855;42365455;76660217;31920990;5425797;34529402;84560949;49543839;32375815;35483845;23098699;78148970;64762359;94388990;42134719;34607647;59753465;34019713;72356844;50291394;82706459;46789042;27406617;28528027;24551913;44241745;35479934;74938476;30126658;23715713;35807199;34021344;23065273;34720061;36168102;46523975;65047210;23044992;49438563;36959959;76048865;18835152;86593994;31820675;104433541;32422548;76791337;41002749;42934372;337;73484869;50453066;65255601;35452501;47610596;35457671;23062430;30273355;64192852;36621560;88158173;35790084;39756606;29565092;30654771;56869593;72884889;74382159;50291138;73804972;59924898;87394917;50291174;34612773;39839713;40931437;68185109;56079352;47209885;85251453;86113785;39703413;45246659;38683460;52095990;49681355;29442323;50291291;50291046;40616711;34503535;42833189;34086497;42763971;27910162;39748345;52888254;66097766;32407793;24336405;35548099;41450149;60659682;39581336;58824313;49909030;50291094;35088843;39502869;50182889;32041317;26144226;80260851;53794945;36188379;29078897;70970877;39684469;3305;44655165;45069630;87153802;45511996;98581330;42351259;36208805;37508691;96357227;59834470;30553269;86102607;39669294;23532060;35277521;63672988;72042987;35807071;90730773;36545426;91685528;50291328;29937606;52548908;41275415;79788640;53998062;50291801;29049670;49064451;44431169;25300817;46305000;52851059;56978134;83256494;32776206;43165524;40535779;39345508;43000845;33905650;41182482;57950162;38000323;54567082;29897737;58020252;35325859;38135995;93881339;53464567;38337568;30769418;54827237;75265442;93946321;36248953;22505383;70127988;64349439;31525549;144592;40599072;54598940;38000521;74641828;43451713;11508113;39791096;34578663;57923129;84752433;33137743;95871811;26188096;27973101;39782666;58623819;96486711;48006306;78543917;47765919;43503681;47900340;55766076;57922652;71595791;39034715;69722921;40148170;83661362;84951819;50450989;71603326;39153494;50485628;36045680;29906641;-1;-1;-1;-1;-1;-1;-1;-1;-1;-1;-1;-1;-1;-1;-1;-1;-1;-1;-1;-1;-1;-1;-1;-1;-1;-1;-1;-1;-1;-1;-1;-1;-1;-1;-1;-1;-1;-1;-1;-1;-1;-1;-1;-1;-1;-1;-1;-1;-1;-1;-1;-1;-1;-1;-1;-1;-1;-1;-1;-1;-1;-1;-1;-1;-1;-1;-1;-1;-1;-1;-1;-1;-1;-1;-1;-1;-1;-1;-1;-1;-1;-1;-1;-1;-1;-1;-1;-1;-1;-1;-1;-1;-1;-1;-1;-1;-1;-1;-1;-1;-1;-1;-1;-1;-1;-1;-1;-1;-1;-1;-1;-1;-1;-1;-1;-1;-1;-1;-1;-1;-1;-1;-1;-1;-1;-1;-1;-1;-1;-1;-1;-1;-1;-1;-1;-1;-1;-1;-1;-1;-1;-1;-1;-1;-1;-1;-1;-1;-1;-1;-1;-1;-1;-1;-1;-1;-1;-1;-1;-1;-1;-1;-1;-1;-1;-1;-1;-1;-1;-1;-1;-1;-1;-1;-1;-1;-1;-1;-1;-1;-1;-1;-1;-1;-1;-1;-1;-1;-1;-1;-1;-1
auto;40587282;23783750;31128331;39236729;35034571;36792820;51362846;24444828;34529402;37467838;24727626;43726747;43658512;45844365;36635754;90060110;16833467;33353770;35807044;37595419;38472666;36373912;43536802;28317077;63727982;54154078;38894284;383476;32275859;46400154;29058619;10537686;63132960;15721446;35736253;44089745;23741502;14501880;33766693;11766299;27979818;47112298;29372405;28016073;54693522;27737110;87929067;38676845;34895340;36326629;68285147;31938864;50716198;30696612;34448961;63482848;46091804;34503784;24983872;48272738;34812270;45968120;46870259;27744747;32133298;53106170;37053055;37000377;70570762;27091373;18124494;22965375;9494209;40601518;29196806;37735548;38507668;26536146;73074329;29725176;50931944;23840147;48990018;105619072;49107734;2383551;68506252;31412773;29892778;40010604;39888706;31417540;46110527;56629893;86260455;71469113;40591578;45616399;45686609;28739012;58168203;36622653;40725884;8993621;48458862;41398287;27039777;32786443;37660077;17785825;32629411;24746547;46664010;64699779;23110013;755176;24630242;9533335;25064892;36754416;50671389;30857188;80091987;43596631;40777860;59961158;33695724;37340527;49055464;56431537;37949747;44354263;73791627;44305467;36229854;31817865;70463005;32103560;35673445;50527486;47571610;33858187;29153217;75750559;22880961;24816073;35615859;55904968;36636899;26871593;46170955;44872347;33271745;48361381;77051728;53840851;50710142;97065090;51082277;63776552;64304974;42259810;35371607;57379693;43776317;39286442;29794311;23400027;41432531;25088419;43679625;28718141;24737785;51897372;52671851;28689448;14787302;30145860;90347498;78644247;31352958;35088160;56513920;9637627;57371369;23636659;30052815;49943382;77259959;60550612;60612985;33509240;66666388;56654984;67361038;52380748;44744473;39859217;61316887;42167746;36768818;56294812;37283330;35834663;63516322;80797771;34518167;96389677;33690063;34230665;36116509;35785419;77112037;59391546;56821061;35001137;37358492;55743914;33678519;37694527;52238483;50983413;68562791;49270909;80271009;33778309;32481777;11212;63874991;54523672;44342252;40919101;23803588;84356881;30285808;67874772;35885969;33734982;67445214;26662910;-1;-1;-1;-1;-1;-1;-1;-1;-1;-1;-1;-1;-1;-1;-1;-1;-1;-1;-1;-1;-1;-1;-1;-1;-1;-1;-1;-1;-1;-1;-1;-1;-1;-1;-1;-1;-1;-1;-1;-1;-1;-1;-1;-1;-1;-1;-1;-1;-1;-1;-1;-1;-1;-1;-1;-1;-1;-1;-1;-1;-1;-1;-1;-1;-1;-1;-1;-1;-1;-1;-1;-1;-1;-1;-1;-1;-1;-1;-1;-1;-1;-1;-1;-1;-1;-1;-1;-1;-1;-1;-1;-1;-1;-1;-1;-1;-1;-1;-1;-1;-1;-1;-1;-1;-1;-1;-1;-1;-1;-1;-1;-1;-1;-1;-1;-1;-1;-1;-1;-1;-1;-1;-1;-1;-1;-1;-1;-1;-1;-1;-1;-1;-1;-1;-1;-1;-1;-1;-1;-1;-1;-1;-1;-1;-1;-1;-1;-1;-1;-1;-1;-1;-1;-1;-1;-1;-1;-1;-1;-1;-1;-1;-1;-1;-1;-1;-1;-1;-1;-1;-1;-1;-1;-1;-1;-1;-1;-1;-1;-1;-1;-1;-1;-1;-1;-1;-1;-1;-1;-1;-1;-1;-1;-1;-1;-1;-1;-1;-1;-1;-1;-1;-1;-1;-1;-1;-1;-1;-1;-1;-1;-1;-1;-1;-1;-1;-1;-1;-1;-1;-1;-1;-1;-1;-1;-1;-1;-1;-1;-1;-1;-1;-1;-1;-1;-1;-1;-1;-1;-1;-1;-1;-1;-1;-1;-1;-1;-1;-1;-1;-1;-1;-1;-1;-1;-1;-1;-1;-1;-1
business;36008740;23170931;23164653;25421850;33080201;30559917;34483558;29518065;28673372;28556858;40020304;28938560;23616160;39222216;43208313;439;29348258;49840023;42502560;32866108;34168005;40182105;26456494;30179770;26675756;37239975;38000455;33118494;34815360;35555559;40792446;90297478;42847684;46688098;27041765;36586077;47211280;54665275;40709983;43726747;44241745;51211972;29599237;31942200;29233217;41753137;35807216;52581249;56268383;30920694;41331435;40901026;41161680;34229261;42795635;35683607;42666155;34598021;70427221;35807213;84838988;47065038;80345103;32298967;46371384;33839375;38771560;38182092;44057096;51048597;26689767;39930420;39265861;34562829;34685858;49806185;63133420;41091051;64078163;25276999;55512551;32309508;46644924;34191936;54273322;46347604;57484669;33628480;34244008;58916750;33704958;50693869;23509777;43666542;30057637;28315843;45941254;54625313;96860212;41093434;70737879;73948343;43415607;60413081;41226912;39765355;35029664;57328618;43462612;34980638;53665863;23224608;58542211;51675727;75550611;41272222;46617904;62438886;49824939;27655043;632045;12248221;43919011;53841674;43251403;70291008;44239651;48797417;42277664;69750169;51933015;64206445;41697244;49866640;29809500;37859969;6386;40972136;67520928;17670199;38507668;29551471;44656690;43607398;57873780;37938407;25381090;44053412;70123305;105619072;36557224;35429642;72411703;31389465;70423685;24943107;92817366;47462810;40913132;23342771;59279540;30054158;33104681;37342757;47696395;34632252;86514133;35237657;40626080;94920838;89354174;43889870;58817259;45919874;44848088;50594521;89158223;38370037;74609442;41438047;59824456;43005314;49569537;79428638;3800580;35014956;22277555;23486475;53503880;5251193;34448718;63963917;95325074;65288654;41653980;17785825;40405598;43503630;39729087;26870268;61870716;42860499;43702826;38719972;45693808;54885043;101758385;81352233;54030029;50175127;40119410;75550743;20979064;81352731;81354264;26170520;55705670;39107759;40607937;66737700;40709605;50340573;44770386;47006029;41942392;35524891;62487884;54692681;27375897;37345998;25336231;81351135;100846994;94917592;34140928;48668368;44360037;53848976;40971498;38843669;46422551;43451381;32427993;85075676;38763308;15359976;76649930;49294900;36283224;34114416;37876217;43503600;49547350;50398948;16258570;40112959;95933074;49677715;32076649;50784188;54710480;60500123;51685009;41808612;29300166;35641178;67782575;31886247;46320614;26115263;88667175;87735621;94003050;37371171;76226866;37686027;74837480;42823947;-1;-1;-1;-1;-1;-1;-1;-1;-1;-1;-1;-1;-1;-1;-1;-1;-1;-1;-1;-1;-1;-1;-1;-1;-1;-1;-1;-1;-1;-1;-1;-1;-1;-1;-1;-1;-1;-1;-1;-1;-1;-1;-1;-1;-1;-1;-1;-1;-1;-1;-1;-1;-1;-1;-1;-1;-1;-1;-1;-1;-1;-1;-1;-1;-1;-1;-1;-1;-1;-1;-1;-1;-1;-1;-1;-1;-1;-1;-1;-1;-1;-1;-1;-1;-1;-1;-1;-1;-1;-1;-1;-1;-1;-1;-1;-1;-1;-1;-1;-1;-1;-1;-1;-1;-1;-1;-1;-1;-1;-1;-1;-1;-1;-1;-1;-1;-1;-1;-1;-1;-1;-1;-1;-1;-1;-1;-1;-1;-1;-1;-1;-1;-1;-1;-1;-1;-1;-1;-1;-1;-1;-1;-1;-1;-1;-1;-1;-1;-1;-1;-1;-1;-1;-1;-1;-1;-1;-1;-1;-1;-1;-1;-1;-1;-1;-1;-1;-1;-1;-1;-1;-1;-1;-1;-1;-1;-1;-1;-1;-1;-1;-1;-1;-1;-1;-1;-1;-1;-1;-1;-1;-1;-1;-1;-1;-1;-1;-1;-1;-1;-1;-1;-1;-1;-1;-1;-1;-1;-1;-1;-1;-1;-1;-1;-1;-1;-1;-1;-1;-1;-1;-1
education;29559271;31976785;12648877;23390361;75149440;34118551;44759043;62398004;25752703;36147615;40167434;84875607;37911280;61912980;25153764;90281149;31636785;64980863;43001537;47211280;67490365;79483347;28772416;34300760;22884714;88640919;36775085;95564176;84981500;33489538;60777940;58798248;20629724;41818823;76477496;46257871;19542789;85631039;61796404;65923388;30598666;57526182;88875782;42763971;52558528;32414643;35252281;27211409;41832683;39036897;34946278;34305040;72100530;30666517;48475082;41813774;42533142;90778346;36404750;91062325;32810815;41813928;85110597;41226912;57923129;68995594;42025435;47591566;41814056;83661362;29461256;32612750;68419964;36507793;41827660;46891492;38847637;16922067;34523318;31969346;68812734;26978036;41813993;31038184;51512485;43853415;63337812;49128190;60882017;35809584;61383161;44053838;39915550;32277870;102751112;20537665;57075557;29220845;42858020;26983334;37948240;63023814;37753541;16096183;35994507;37160097;34027381;103174725;46381558;93316013;38738867;42814984;74910704;48652426;22628997;98183232;37752959;43503264;48256561;37743822;61475476;42292974;41925848;32478071;37754130;15955496;41223821;38621951;106845907;59469705;93842301;54530371;68293404;42002404;51952138;103773916;38624893;43021317;42919472;41932471;40390806;40575907;27726055;41946623;106003677;41856409;41940805;55155418;41537904;41532592;12310748;72376836;99144788;49517102;41900379;32333672;49007368;52800346;3581843;35207911;18822808;36198293;30758352;73647779;60759295;22746204;7953996;29543330;83998022;42627883;99569653;26754357;32810807;32295218;45996338;49307336;16491068;79017161;3840605;46258704;45298101;41948090;17733403;40978738;30904191;41334608;34534114;38647700;34314580;58981412;72887627;35333967;57613883;46241329;26620139;29290148;38668029;23637723;47558149;80718620;29218811;28698967;38614017;44055899;34529518;25003531;42107833;47218726;40563047;30698831;25001884;44806295;18879883;54627118;60511457;63339834;61644478;41835403;37508298;48801884;44769291;83013121;44484741;36446563;20003922;29257408;38362552;56451259;56478539;34689126;28174130;94010172;65567512;30007037;53413720;33775735;36316493;15365973;60176437;44053963;41994752;73910001;34179942;37366204;64777314;33706155;38743236;69517420;67528877;49574682;65184054;72519296;10064822;102279679;41048092;40390729;48401455;27657124;30468299;99353432;28817335;97882810;98647548;23520712;36227631;35221573;60784260;15393770;25258403;27022196;50775577;55584821;71770259;48413872;28585231;49512136;31865983;63708206;37716992;35030273;36017776;43157542;95435119;34638944;25257602;47037030;35234214;39444587;40253267;30827102;42006060;40511225;50684888;57611286;24568138;57536055;73045225;73576184;60744289;53886248;33887066;39458258;29948175;41982639;47216024;38718467;57187194;101876154;42012475;39616782;38061572;37558219;42203385;34850928;90810018;35996110;43001872;62883091;20424579;38079632;70921366;51924851;36327213;30819548;37905105;59740949;37243059;30072693;27124372;52755582;36854005;64058354;83938677;41222464;30692226;45865812;40362969;41960859;36958112;53212345;75813940;47929491;87396564;36854539;53735001;48708697;27366966;45622386;51181395;79866775;42014230;41814724;26701254;57369473;30181883;41979201;22755930;46988796;29303248;34914383;35297737;34722480;61073737;12555291;81015535;41588298;36723693;55877450;33854129;66177799;113675;55859522;133339;47666914;36519690;50638629;41057556;78855499;37968832;65885598;29592045;36746630;74479926;31177069;73322997;43420993;50001745;36661280;41981173;40536347;28692052;36383239;31997396;41980694;58463127;45177380;25899524;44019541;30261222;44362262;-1;-1;-1;-1;-1;-1;-1;-1;-1;-1;-1;-1;-1;-1;-1;-1;-1;-1;-1;-1;-1;-1;-1;-1;-1;-1;-1;-1;-1;-1;-1;-1;-1;-1;-1;-1;-1;-1;-1;-1;-1;-1;-1;-1;-1;-1;-1;-1;-1;-1;-1;-1;-1;-1;-1;-1;-1;-1;-1;-1;-1;-1;-1;-1;-1;-1;-1;-1;-1;-1;-1;-1;-1;-1;-1;-1;-1;-1;-1;-1;-1;-1;-1;-1;-1;-1;-1;-1;-1;-1;-1;-1;-1;-1;-1;-1;-1;-1;-1;-1
entertainment;27895931;43215063;22798006;26750264;48319873;33769500;19802817;34384434;58170807;30602036;57876954;48868052;40335272;23180464;58534882;48928605;45960892;35983383;51189706;18496184;56176916;33598391;78616012;34137285;29078047;29573241;63758929;34199707;15199107;70147321;9693056;108468;48512305;31547740;1415705;47131705;84875903;26515827;30957440;60708045;50821414;38707088;40553536;29830876;42440233;27045802;28256828;36508616;35349905;46105176;89493;24834794;30823579;61912980;44257435;41774259;65539312;17964514;39444069;63858240;48713061;49655796;43335937;25380626;29231851;74653596;46172262;34001496;15413538;101209760;22991532;87063889;32708863;52599708;28625005;56874032;45131071;29506463;26578488;37008294;47366412;21118635;22186156;50554618;59227775;63328642;41109472;19068382;15106510;36621543;47618171;40316705;59508827;42743690;24199209;64254966;34607647;54500021;55264762;30638367;46583541;24518587;31114088;32268250;35486626;50189302;225666;63303373;105999460;42645487;43387535;30086880;79637473;43462544;23208414;31317869;28866484;16833467;32936794;41330561;61796383;54609771;57851085;39456495;38000303;61972;17309915;32422548;31501328;63855504;78996568;6970317;24613343;46836921;24823541;18284075;33504814;53924330;79214909;4569;59971648;91683885;37637089;9802860;33186151;36606428;23983339;70905722;23194645;47610596;67281773;36455846;35457671;35987783;23062430;41771733;76597724;49120988;88674651;72982321;32358583;28043011;9525;38772029;30654771;55157869;29842742;18796946;37187130;5445504;3113588;38213334;30387085;383476;90253744;40931437;26284064;54805756;85620209;41734504;30510634;56079352;37078428;40724070;47209885;25240087;35632908;48724330;29058619;1163441;47;32786197;35540891;81337337;25557243;31876228;12840361;39645210;23169544;43228812;22739050;55380105;79817908;46730819;69275738;26568852;1980;41448692;27052479;80044744;18951849;1884027;8862419;51028068;39408465;36018360;28391024;-1;-1;-1;-1;-1;-1;-1;-1;-1;-1;-1;-1;-1;-1;-1;-1;-1;-1;-1;-1;-1;-1;-1;-1;-1;-1;-1;-1;-1;-1;-1;-1;-1;-1;-1;-1;-1;-1;-1;-1;-1;-1;-1;-1;-1;-1;-1;-1;-1;-1;-1;-1;-1;-1;-1;-1;-1;-1;-1;-1;-1;-1;-1;-1;-1;-1;-1;-1;-1;-1;-1;-1;-1;-1;-1;-1;-1;-1;-1;-1;-1;-1;-1;-1;-1;-1;-1;-1;-1;-1;-1;-1;-1;-1;-1;-1;-1;-1;-1;-1;-1;-1;-1;-1;-1;-1;-1;-1;-1;-1;-1;-1;-1;-1;-1;-1;-1;-1;-1;-1;-1;-1;-1;-1;-1;-1;-1;-1;-1;-1;-1;-1;-1;-1;-1;-1;-1;-1;-1;-1;-1;-1;-1;-1;-1;-1;-1;-1;-1;-1;-1;-1;-1;-1;-1;-1;-1;-1;-1;-1;-1;-1;-1;-1;-1;-1;-1;-1;-1;-1;-1;-1;-1;-1;-1;-1;-1;-1;-1;-1;-1;-1;-1;-1;-1;-1;-1;-1;-1;-1;-1;-1;-1;-1;-1;-1;-1;-1;-1;-1;-1;-1;-1;-1;-1;-1;-1;-1;-1;-1;-1;-1;-1;-1;-1;-1;-1;-1;-1;-1;-1;-1;-1;-1;-1;-1;-1;-1;-1;-1;-1;-1;-1;-1;-1;-1;-1;-1;-1;-1;-1;-1;-1;-1;-1;-1;-1;-1;-1;-1;-1;-1;-1;-1;-1;-1;-1;-1;-1;-1;-1;-1;-1;-1;-1;-1;-1;-1;-1;-1;-1;-1;-1;-1;-1;-1;-1;-1;-1;-1;-1;-1;-1
family;40498005;32432151;23337480;68114884;36318299;24985591;55074079;24722253;20249656;25714310;38707088;33382046;69223147;439;35232329;24652430;68518743;41987322;49603755;37086289;26438876;39476890;39733006;52361900;56492642;33152388;19899031;63657636;41450004;61040032;32612101;32142165;64762359;49730861;52512466;38465826;37140977;41449839;44881185;40709983;26759523;62510357;33294101;45378327;43498930;50256515;36443332;29667762;26515433;61796383;40496480;35171857;66630509;37987020;8163141;63405124;31262823;46275035;24394492;38447598;35972566;51398827;44222685;20676527;106277494;41300964;42656426;66362370;39839713;48220724;10175642;94556357;24847329;80483798;61982073;49914013;47297979;22712274;27559875;41654074;61371807;52647660;19186139;31562535;36621513;58122291;58824313;40708466;41032556;33342835;38087663;52953689;51887618;37100241;43928336;32753197;42304816;28503925;29773768;30104734;43556265;64078163;38000382;66822311;59953965;33334445;48331135;55387604;20753458;42295799;26538426;15898;13222132;35665805;48731463;61545911;49407501;36418654;37017542;69315418;40314048;41308136;27568239;46593573;36151153;44628203;58624415;49548635;47055712;40400929;40115848;31048778;29792064;64209172;50649816;57231331;29978438;33684017;38099545;19286732;2265395;77428844;65692354;11954516;53380412;48047688;64250751;47833802;91219016;34378843;39520418;46719213;51170068;65022221;29902006;36452155;39191411;36667515;64730803;24275537;34009026;38698925;50294423;47875773;41684819;42340084;35160087;52939762;39123679;47890682;41985435;39647201;51905956;22669267;45056973;42568897;33879083;35760250;91991207;35989941;46423971;50059253;42921989;43019120;34283158;8899089;12236177;49663154;77179361;24384059;61327545;21655534;28901219;26864171;95689698;57873780;103434757;76428692;33843101;59676833;65997559;43849838;44744406;44853756;38000393;41682596;42378182;37556569;75104505;63824733;27177185;47643959;36331806;41910964;33416103;53664217;44939685;48978;67386847;47119920;24278626;28077295;32277972;40297829;41153681;45835715;21734510;62091672;59002262;76032157;45587837;70384286;40527240;92377199;32836152;32621316;36448868;38969444;30158001;28753765;89581348;24266869;65974901;85462593;59949496;25355670;59575467;40298933;26486765;26603427;54007225;38584792;75572497;35929654;74335863;66651307;42846174;25653867;-1;-1;-1;-1;-1;-1;-1;-1;-1;-1;-1;-1;-1;-1;-1;-1;-1;-1;-1;-1;-1;-1;-1;-1;-1;-1;-1;-1;-1;-1;-1;-1;-1;-1;-1;-1;-1;-1;-1;-1;-1;-1;-1;-1;-1;-1;-1;-1;-1;-1;-1;-1;-1;-1;-1;-1;-1;-1;-1;-1;-1;-1;-1;-1;-1;-1;-1;-1;-1;-1;-1;-1;-1;-1;-1;-1;-1;-1;-1;-1;-1;-1;-1;-1;-1;-1;-1;-1;-1;-1;-1;-1;-1;-1;-1;-1;-1;-1;-1;-1;-1;-1;-1;-1;-1;-1;-1;-1;-1;-1;-1;-1;-1;-1;-1;-1;-1;-1;-1;-1;-1;-1;-1;-1;-1;-1;-1;-1;-1;-1;-1;-1;-1;-1;-1;-1;-1;-1;-1;-1;-1;-1;-1;-1;-1;-1;-1;-1;-1;-1;-1;-1;-1;-1;-1;-1;-1;-1;-1;-1;-1;-1;-1;-1;-1;-1;-1;-1;-1;-1;-1;-1;-1;-1;-1;-1;-1;-1;-1;-1;-1;-1;-1;-1;-1;-1;-1;-1;-1;-1;-1;-1;-1;-1;-1;-1;-1;-1;-1;-1;-1;-1;-1;-1;-1;-1;-1;-1;-1;-1;-1;-1;-1;-1;-1;-1;-1;-1;-1;-1;-1;-1;-1;-1;-1;-1;-1;-1;-1;-1;-1;-1;-1;-1;-1;-1;-1;-1;-1;-1;-1;-1
fashion;28646177;31072900;32127188;29686754;31872836;24089576;33404310;46509740;44497796;30447908;51024179;38584026;25505149;54896871;32767736;51059866;29219144;36859750;39043096;37631861;51034455;30936477;38976531;46115257;38939644;51006825;59901975;109034294;47642361;99613308;68784978;33236029;51073679;46789042;43726747;28129783;30320490;30126658;36863510;33098137;54301613;34626497;51888238;31041444;49684431;41004550;33390434;14639016;24613343;49063005;38310026;50314780;12141758;34161355;25118213;25626213;41654641;21138656;32727652;25299940;41425104;34668842;23601472;39502869;35807190;33991967;48634303;28429027;40929524;29140284;24396213;37156966;37508691;37003739;30553269;26599838;36785381;43606005;38000467;25723017;38000341;68319550;86554234;54567082;35325859;35077504;30207899;64891806;46927363;73319310;40599072;48086862;82698979;24483645;38156912;90916484;23035216;41852250;53993227;68636086;23941010;29183492;34547702;57484216;38695894;28938939;50930433;27796335;63718273;26623514;22745789;103203120;59245439;4323804;35521173;29261194;80093334;104030438;26762288;56052196;37255766;104604415;57867790;15260252;63425301;11570609;61757681;40850509;27624857;50808812;50840802;16923269;28643746;28623496;1179772;52997042;23661808;59879783;58180713;41263105;27615349;171553;33666599;34596709;83653606;34070005;56560807;49573930;39431656;42101062;10065204;43503753;46187702;29455669;31094309;52425472;79042454;45943454;23970763;82799116;52223807;89837325;23750790;96549518;112750570;57797738;35797826;47467513;104616493;52482141;26374711;58786247;50207650;27438755;52862422;28053446;27704015;49575954;24458797;32311538;113104030;44415048;56530453;46127559;50765346;24388856;47467359;45620220;40835270;37341971;27258011;40686249;43122405;69902408;39985981;41167501;48747096;37175664;12867;54523672;26205188;45236297;75028491;39959275;32735719;66548177;33841028;58785509;53494125;43359415;29088100;30345459;44671337;31740089;40787969;17760308;35031021;41355314;2560518;34590316;101254690;79496073;71636121;36814867;48025794;25426051;24756374;51969408;57339316;45779648;50864368;54033522;7144938;26423194;28913987;19003642;29549528;21997823;48466447;32772275;45803881;38863552;33913970;36097535;11294216;88363181;61372149;52635485;26016030;43123562;45709796;48247547;50947294;57753179;7975161;45433264;23783553;44299810;35928071;25213686;29616825;38370253;20197848;67571399;45509461;63639359;40801234;37949592;49091903;55979648;38748553;33408206;51467798;33619228;39606644;30034360;53005772;46038201;23410488;50857626;36154756;43175946;50379954;27685631;69767327;53924747;68664804;34230054;63382371;39760026;39918723;25004575;40472888;42360990;31340479;34025891;12502725;58767637;64592719;26878893;23824849;86168422;49803893;33826503;59766169;54372236;36006483;27314098;64752638;54218032;56007753;60003689;30987956;47566330;33124356;36294754;50241634;41960915;43523052;39248636;36182580;27659141;44052064;14745820;40522072;27159440;48639558;41173450;44904806;38547243;44895341;28872594;22747021;51336246;56518351;47770191;55145124;44034477;34539026;56464258;42267996;61138863;47841645;24228086;78709861;38794684;38489212;64735367;56910966;54601036;-1;-1;-1;-1;-1;-1;-1;-1;-1;-1;-1;-1;-1;-1;-1;-1;-1;-1;-1;-1;-1;-1;-1;-1;-1;-1;-1;-1;-1;-1;-1;-1;-1;-1;-1;-1;-1;-1;-1;-1;-1;-1;-1;-1;-1;-1;-1;-1;-1;-1;-1;-1;-1;-1;-1;-1;-1;-1;-1;-1;-1;-1;-1;-1;-1;-1;-1;-1;-1;-1;-1;-1;-1;-1;-1;-1;-1;-1;-1;-1;-1;-1;-1;-1;-1;-1;-1;-1;-1;-1;-1;-1;-1;-1;-1;-1;-1;-1;-1;-1;-1;-1;-1;-1;-1;-1;-1;-1;-1;-1;-1;-1;-1;-1;-1;-1;-1;-1;-1;-1;-1;-1;-1;-1;-1;-1;-1;-1;-1;-1;-1;-1;-1;-1;-1;-1;-1;-1;-1;-1;-1;-1;-1;-1;-1;-1;-1;-1;-1;-1
girls;43776215;26614831;27794994;41395621;40587282;30712025;33404310;35783559;44497796;28086630;39444069;35034571;31071893;38290762;44589158;37862023;31554488;33390409;31545235;35370899;44902201;52512466;73776762;24417215;32422548;36373912;40045428;21090314;75393978;23062430;37140953;92664065;41331414;4093705;49680000;28043004;47209885;52095990;35807284;68393930;91769634;89287454;44729829;42216800;26025043;84259244;84350909;6588892;93144360;51933859;50939110;35806186;35944030;28592774;23348458;37771272;50103345;86152531;49064136;31904789;39803480;58020252;35325859;50630084;22220341;29694340;71863353;45407543;46927363;59669196;11508113;40500796;48272738;82999477;77841730;67016570;48659720;36263341;27973101;57231331;67920625;73514179;76520569;27938496;67946807;30238125;42277664;64717635;57484216;30914709;27091373;36831577;85287097;25124102;52170036;19232159;15012481;59835096;67797649;17670199;59257215;41741926;23951686;32806442;26916918;85707852;55682860;54010085;31717783;39520338;55832669;35001375;45732740;51712249;8782532;76794821;83079831;61979850;34756361;51481744;58414502;60545552;47686243;42956080;56360487;58910369;45201649;40850509;38226360;67589900;80377885;56899719;47033090;63070868;58180713;37913724;78128628;59069245;15738223;58781724;49686454;56938927;39476421;50684121;51184888;96885149;55524916;76664982;77627339;17785825;53440308;48450729;61189789;51789870;55245315;36541026;24630242;31210544;33881592;56959305;61825991;54988958;33524537;55059489;50672889;59878292;60753229;-1;-1;-1;-1;-1;-1;-1;-1;-1;-1;-1;-1;-1;-1;-1;-1;-1;-1;-1;-1;-1;-1;-1;-1;-1;-1;-1;-1;-1;-1;-1;-1;-1;-1;-1;-1;-1;-1;-1;-1;-1;-1;-1;-1;-1;-1;-1;-1;-1;-1;-1;-1;-1;-1;-1;-1;-1;-1;-1;-1;-1;-1;-1;-1;-1;-1;-1;-1;-1;-1;-1;-1;-1;-1;-1;-1;-1;-1;-1;-1;-1;-1;-1;-1;-1;-1;-1;-1;-1;-1;-1;-1;-1;-1;-1;-1;-1;-1;-1;-1;-1;-1;-1;-1;-1;-1;-1;-1;-1;-1;-1;-1;-1;-1;-1;-1;-1;-1;-1;-1;-1;-1;-1;-1;-1;-1;-1;-1;-1;-1;-1;-1;-1;-1;-1;-1;-1;-1;-1;-1;-1;-1;-1;-1;-1;-1;-1;-1;-1;-1;-1;-1;-1;-1;-1;-1;-1;-1;-1;-1;-1;-1;-1;-1;-1;-1;-1;-1;-1;-1;-1;-1;-1;-1;-1;-1;-1;-1;-1;-1;-1;-1;-1;-1;-1;-1;-1;-1;-1;-1;-1;-1;-1;-1;-1;-1;-1;-1;-1;-1;-1;-1;-1;-1;-1;-1;-1;-1;-1;-1;-1;-1;-1;-1;-1;-1;-1;-1;-1;-1;-1;-1;-1;-1;-1;-1;-1;-1;-1;-1;-1;-1;-1;-1;-1;-1;-1;-1;-1;-1;-1;-1;-1;-1;-1;-1;-1;-1;-1;-1;-1;-1;-1;-1;-1;-1;-1;-1;-1;-1;-1;-1;-1;-1;-1;-1;-1;-1;-1;-1;-1;-1;-1;-1;-1;-1;-1;-1;-1;-1;-1;-1;-1;-1;-1;-1;-1;-1;-1;-1;-1;-1;-1;-1;-1;-1;-1;-1;-1;-1;-1;-1;-1;-1;-1;-1;-1;-1;-1;-1;-1;-1;-1;-1;-1;-1;-1;-1;-1;-1;-1;-1;-1;-1;-1;-1;-1;-1;-1;-1;-1;-1;-1
horoscops;23830580;30318830;83815413;27770786;43600373;29038248;31273955;30783475;27243668;28075993;26170853;26609852;29874238;30891977;26813657;23485910;26567649;27842893;30860272;79690560;27726363;70199125;39461653;25379190;38946412;61744518;43535132;75824587;30737619;105609165;107315775;33755428;49793489;33755055;103510542;40054929;73367094;33755827;33755311;33755526;68481433;40056228;33755483;67587489;33755237;33755632;39725273;39080114;40054968;40054950;33755370;33755756;40055237;33755395;47736828;40055687;105264134;40056206;40055244;40055679;40055254;40055690;33755823;40056212;39080208;39080126;43892265;34527813;35576322;39080072;34528216;9884911;34528835;34527964;35785205;39080085;43986436;34515190;76738179;34528153;39080098;39080173;34528179;34528525;38691136;39080200;34527881;34528799;40725156;39544854;23513843;39080141;42521128;38690841;35576202;34528742;39080172;29062628;38691043;39080139;35612080;34528678;38691009;15866511;39080205;38690942;75419495;37268190;38690905;38690745;38691094;38691381;38690427;47090836;47090785;47090600;39545158;41669894;47090807;39545376;40377779;47091011;38691188;63101968;47090753;28965845;46214310;38690807;47090888;47091040;39544928;47090240;40725699;72114734;47090962;47090999;40378173;40725201;40377887;38522045;98266966;39545317;90606522;39545266;39545381;55400243;35576558;38521907;39545028;40377786;40726020;38521969;35578706;40181588;38521859;34772723;40181646;39545154;38521895;47292921;40181324;38522062;40378148;40378023;38522233;40725930;40181970;38522220;68961001;40181743;40181548;40181476;40181812;38522067;38522190;35176604;40181931;40181698;40725247;40725726;38522196;38522059;39545270;40378074;39545048;40377893;40725987;40377920;35157591;35176567;70093323;35176369;70086897;92871541;35176474;40181856;70085824;56610032;35176437;70093479;40726056;56610167;70089704;35177771;39545083;40181887;35157421;50207650;94720577;40725841;40165109;56610145;35177665;56610201;35177367;35176640;35156859;40377831;56609780;56609881;56597783;74689552;40725802;35177569;70091630;65722210;46747093;35157527;35176647;35177481;43179644;40725129;31164083;54365524;70092551;35157263;39545348;40377996;56609834;35222352;35222416;70050656;31348881;54365511;70092988;54365482;39545068;54365470;40599040;70052417;54365479;56609943;56610093;70053399;56707119;56610001;40725761;54365555;42967908;35222016;35222087;39545108;39544816;35222202;38333311;35221888;70090297;40165740;40165167;35222267;40377774;54365575;54365581;40377878;40725909;41061047;40165131;86265934;74689480;45372627;40378105;74689733;39844422;54365550;41061054;40725085;40050810;45387774;54365565;54365538;54365563;35542277;74689708;39545464;39544669;39544947;39544857;40377992;39685053;45623957;47955524;45591637;52091628;45374574;40377778;92872736;35542322;39545193;35181265;45924945;41060912;104193245;45623930;45591534;39544993;35542294;39545045;40165205;39545329;40377937;41061062;92872575;71957051;39544902;35542231;40165259;35542126;40165188;35542366;40458637;35542173;45618147;39855244;92872668;40165726;22745081;36533736;35542349;52091747;41061075;39544821;39545257;35542194;35542108;45924972;45623941;45591586;39545104;40377750;52091708;-1;-1;-1;-1;-1;-1;-1;-1;-1;-1;-1;-1;-1;-1;-1;-1;-1;-1;-1;-1;-1;-1;-1;-1;-1;-1;-1;-1;-1;-1;-1;-1;-1;-1;-1;-1;-1;-1;-1;-1;-1;-1;-1;-1;-1;-1;-1;-1;-1;-1;-1;-1;-1;-1;-1;-1;-1;-1;-1;-1;-1;-1;-1;-1;-1;-1;-1;-1;-1;-1;-1;-1;-1;-1;-1;-1;-1;-1;-1;-1;-1;-1;-1;-1;-1;-1;-1;-1;-1;-1;-1;-1;-1;-1;-1;-1;-1;-1;-1;-1;-1;-1;-1;-1;-1;-1;-1;-1;-1;-1;-1;-1;-1;-1;-1;-1;-1;-1;-1;-1;-1;-1;-1;-1;-1;-1;-1;-1;-1;-1;-1;-1;-1;-1;-1;-1;-1;-1;-1;-1;-1;-1;-1;-1;-1;-1;-1;-1;-1;-1
humour;12382740;31836774;10639516;26419239;56106344;29246653;23064236;28477986;30179569;45441631;460389;36164349;34491673;30277672;23433159;55156099;39410028;22741624;33159467;45608667;35061290;25554967;24299135;28261265;57876954;11614;23148107;44781847;26147450;30532220;41807730;30022666;45045130;26030283;28878216;23537466;39153701;23243883;29435908;58306490;45739071;32015300;31579712;45595714;26307864;23378353;22222333;40800148;23308460;63012929;45960892;27901440;28950133;36775802;26858816;29103840;40835481;24099488;44786979;31746;29838762;31234561;23497895;36200261;30008385;70365191;29843454;29544671;30487105;51696572;24313746;31480508;65960786;31189947;31057217;63758929;35850939;36736385;34199707;50059483;34166518;35519861;12353330;26519873;49266632;29832607;21515884;25089415;33414947;46175849;262340;35979047;32114286;29614963;20744542;28468381;39822792;35143550;64173570;91050183;23586388;27315475;26090596;28546855;58158419;34298047;32426058;54288674;52537634;41437811;65010959;32164903;13684782;29905631;30957440;28914540;37867179;39080597;25161110;35623118;4097;32004973;33770645;44148704;25679656;32615394;36508616;23863253;36731992;54809759;40895450;45564175;36959733;77843142;49583292;93330757;39830920;28210851;60109889;98075100;28786454;35930308;3807937;37247645;45745333;28446706;33850608;18921170;35319314;31613023;60203425;63858240;90281149;89472141;39340999;23213239;68171701;27158721;21983897;60801114;68782962;38233726;24390680;40103104;44881947;62786482;40684908;34994684;23050407;104866704;33257036;46855773;88733659;35822397;44343962;35294456;38000455;28956110;40897649;74239057;26013405;33376541;50308473;32708863;100411909;41906039;38871455;53845179;57494037;29440084;43214886;45131071;31076033;47295560;57921189;76906453;33708813;28139331;26222098;45613675;37008294;42552001;34940333;94255146;50554618;46570421;52840550;19068382;39391003;7736865;31866112;36621543;41944327;54450591;29508356;41565074;29188817;36524488;60532209;61896493;26769923;41811107;19799369;37628914;35540639;34607647;47487570;86881116;25336774;193175;29716377;43339080;29690610;76454566;26217154;34904674;72356844;43978738;46521427;31114088;33609361;83729091;15797699;35748704;50189302;26941788;63303373;81456984;79690560;53130411;28651248;38164741;35783148;24632746;62018337;4070797;86209124;56720017;2661911;32645804;23208414;34720061;81075696;20865272;28319192;45091870;87517200;30751873;7955306;41438670;40218493;54609771;67580761;33232345;38464431;58737741;76709587;31820675;23333566;36959483;31541648;41331440;30104591;57445402;32657331;47054786;33335832;23398121;49297041;34520223;75908602;106482664;68198247;69753110;31067605;42055093;23289021;33291029;24792010;23486067;34012219;96603157;40913590;36959798;356220;28187082;59971648;39994362;37455681;36086936;48695892;46439825;36287494;25670128;37641202;39687488;53641393;68674315;73173419;30262661;27378018;37755124;49411980;49120988;63727982;46286515;61052294;32358583;10362317;74382159;27027721;21196992;29842742;32605616;72009603;60841972;28122932;26865636;59924898;87394917;60610118;38016400;40984768;30767446;54805756;68185109;32312890;107740696;36058325;35179056;29439161;53555848;45246659;74383147;38444282;67308144;42299289;12840361;38884730;24421364;34522398;92897199;68393930;31412003;43984899;28669675;42947784;24148563;36717806;75721658;56464634;43920247;102619012;34500448;83477289;92840363;102587842;33247838;60009684;52679652;71752918;42763971;61049064;75719907;75459680;26025043;26815066;41834966;28938303;42179119;11992392;34914367;24199206;10045027;73335438;43412974;30799841;34187905;43933222;22735599;29802055;49465231;41206283;26406986;49345484;36655331;46788221;39269721;45886306;35347076;22477631;49909030;59427349;76623235;36767703;66992581;58406727;43093576;38666219;97806888;84940831;50182889;15717218;55464861;32041317;55097534;31252099;58087258;65802500;23113042;26090632;42099049;36210375;33722798;33880573;39036897;31519603;33089922;45565311;37107436;39776802;46862773;49737115;29082615;30034017;93588233;53852715;71969898;53654293;42415017;39845596;73290049;10517;37866176;72249056;26283591;26720879;66814271;82066609;90715737;30542918;44968251;55017569;32121616;30621521;38167975;38676845;36684507;50185913;40036677;19034244;61236509;39676988;47146066;37004426;-1;-1;-1;-1;-1;-1;-1;-1;-1;-1;-1;-1;-1;-1;-1;-1;-1;-1;-1;-1;-1;-1;-1;-1;-1
IT;35145657;442;23688663;28463125;43001537;77310972;27680436;44687571;47710541;47923094;58798248;41485889;337;19542789;72378974;69743495;32414643;50049819;30666517;98093993;49849615;23439447;23292255;38739454;39985890;68193476;61383161;104838176;20537665;50911295;29220845;38000487;63023814;43926724;10933209;41183770;80325172;15955496;54530371;43424773;38624893;39130902;72495085;84551699;79926109;49488905;65121432;48265019;65991250;40546932;3581843;95871740;57737453;41600377;28669713;49307336;11146053;46258704;41334608;58981412;35333967;33737722;41002495;57595231;75743651;76110790;29630120;62504649;51188759;57058549;21472614;51494670;8782147;48484585;54036611;45344300;55689929;25286418;41195750;58195750;21258485;89137673;27797776;33706155;106769499;56139751;33507639;98699448;65485192;48401455;49054859;53059808;36165887;49204402;26494396;36227631;15393770;55584821;42303266;27595946;39554210;65829973;38321971;53524685;69506309;81952420;56126629;20430641;96715959;59135007;43963991;48112977;42935538;29396119;41410889;68244333;72020839;33189093;57268199;60850351;27038667;40724396;45001582;49466225;61216078;33137258;36114851;38893656;23537179;83997960;46681078;85955250;36252885;36353750;28032461;36455291;26701254;29809053;79275602;54364305;94156596;49393068;57208021;28312120;54675521;44412619;75450155;75091667;37437946;40595823;28336831;83648344;95172404;23267957;93643856;41257703;76112228;19788023;46441076;37102634;94821018;50391402;28596075;53764934;68747072;16241806;36125962;33230240;69693047;32823439;37551370;48064554;94204518;50949793;51229109;42208356;18970929;68316194;77257788;43899605;32077653;58498524;29971027;72528718;30221267;58332677;68348436;97568278;37183999;91635769;27793169;55252900;44794695;45065942;64980878;46453123;31168167;54338201;76251343;73792303;72188467;76625080;25798694;15620149;31495561;44835526;74468143;33025660;87019465;89137756;28560020;95294602;87619296;75502111;49408598;26766702;28722213;43511561;78936951;23362261;93132243;69308878;90036948;35160041;54188385;11499677;73579547;24138705;36539797;45024258;51173278;56803662;49397548;38233368;43715073;56194187;37962467;72797852;51293228;35272662;44987010;70903318;23483018;43157549;26030330;46515548;64409341;32319768;25589598;59924578;63480946;68670975;51650547;40882780;20629237;53549481;25284483;24264144;35110349;47079583;76197583;38946994;33241754;27796635;31267101;58859856;53128823;94224422;36888163;36284347;40966631;94267481;26487539;94880647;76919422;39956660;24226685;30203569;10574717;18049197;47494392;40750644;36929791;33712080;28640342;45971686;75351884;59463195;36267941;48526233;58081789;26121341;43531627;41868937;30386115;74694928;52598923;72639571;28551727;50539342;94407330;25739561;50046307;40956626;27054412;34152455;34765160;67624565;56877621;35148970;72239890;55353305;9729920;29863927;88533404;26898416;34960849;30773832;25512263;13086264;61770704;89819148;32375099;52272670;32712815;25551340;49104893;40588044;19709791;34004392;53503021;51114027;79033162;48111574;47663443;59627931;58515157;53304990;26307282;59215680;26946346;28433118;37787879;77623243;60615047;15723102;81792708;41016973;38194706;36802796;40344784;42457636;102535108;63203600;42134733;55362942;55412943;59755542;45711869;57153638;37993015;45193055;48200734;48070417;54787575;31079596;35726694;46022537;26565867;41099545;47429887;36023798;26362064;28400196;38783990;59241926;40559981;37695617;57558506;3703159;56283114;41213411;27725912;56732735;36230932;73487325;81159354;60140141;85475015;52047327;54683400;54798559;39378341;49863563;43315879;58706556;37771534;46478407;29307241;48217536;50038165;28663377;64221843;71042855;69915547;31699775;55440050;32444825;37663100;56094386;50464490;23705946;52580338;58669924;72536495;34191832;26899776;35620439;34055913;55106345;49334649;58227754;9742;24136552;72805152;40907899;40628317;28255650;48011594;41149365;86515649;43127782;10506755;19507686;46520421;23231986;77855640;54289268;35170551;26454895;55699325;46144487;39846328;52770311;30751411;79827535;26613880;80845040;42601230;48709637;30802264;20818725;774227;48050932;58107214;48876347;11375251;55745866;60606354;29156059;50413300;77312514;35172021;59494946;30774920;54208988;50069136;53351708;39021712;63291969;52221679;5856079;50564793;45140248;57925723;79274070;71456304;78329393;71133087;42879768;88880928;60624743;53182035;51964658;58267864;39252509;60361129;84729490;35803698;39587427;53010208;1088968;86421231;36974540;64278853;7219744;54110593;61180194;7548777;47441920
literature;38683579;31752409;35114569;29690457;31513532;31545597;69671264;42968101;33874468;52905059;24489432;45023794;38744784;39490575;35157161;90983046;39966877;73476;39281167;27532326;30328106;47206871;60630223;44054326;28771923;48689387;43000845;56677;26580749;39489428;32169959;29321171;25533848;60779403;29978438;58691471;3868547;32589678;29514724;58640566;34625296;53820700;56918454;23872332;62358917;50981357;49648815;49698891;60442059;83978073;51194172;33080885;25945518;27179774;27138613;93441135;52916405;40049583;35318914;56504618;28854940;45672279;42942429;49467523;44155346;25342341;36068054;38860424;9393338;36465079;37919124;56332618;52025462;54530371;63340340;46257990;24487105;25825797;44450892;11999;29349169;80337293;42391824;72003334;77490618;38391566;40144103;6912839;32834527;73647779;22632711;23485125;37802593;100337839;56460544;23917748;26765032;28716363;30029450;40233186;31933796;34218387;39098747;63905436;71068675;30978118;24598168;46070279;48601180;62504649;43053971;43989246;31893674;49132593;20954938;30208075;58231415;42452438;25012015;44407377;71630588;72960974;47550986;2254106;60299807;40000232;66750636;89664210;45669009;37756234;26844056;26524293;25613097;44846538;48970972;26789264;50670640;29910512;27500589;26276250;31016078;74777090;47949600;52723040;85776366;4152612;42945626;41253954;25106446;38729677;23161449;40845749;35123430;42895302;26496672;82694441;1194208;50757433;60695169;23851641;15436712;32294070;51578763;47773659;68821397;50678492;39031861;54169630;45615522;30401645;3736334;46479538;76488144;33302585;54176365;38077052;32155676;19983705;70229564;32581589;59680983;58148771;63038783;38184928;30602872;85356515;29735610;36021797;79831840;49677953;69775562;28799143;35831937;61440523;40422534;81793773;34758430;42020877;72971407;46391053;37934275;70375646;37016323;48068714;43613373;70398057;48241044;91376431;91049334;30165465;50549232;55985842;73659618;38029830;41886670;39265981;68664149;47204078;28200491;58916643;56449676;45924592;67255259;55358798;42880497;66338755;62706206;34614067;90810924;46225125;48789523;50591622;48198377;50009125;51781861;6934603;32047865;69777695;68559185;50522362;40573732;14299194;68619388;90901613;23796875;18555762;40209006;87393418;46005880;44386388;48797932;72894377;28933251;44045826;26610108;108298276;3763426;73639582;37520338;57633926;77816370;64583792;25884319;29179141;49432418;24584980;27479234;41649486;51302362;50141686;29958993;25306843;29500719;26135018;53523238;26077105;54854472;48785893;31395402;47564789;39630168;95838613;39071944;59312941;35502214;32648948;25556797;60066054;86999886;33818638;97781718;89057774;42117513;40030321;38485006;73254429;24893588;691538;36595872;103448120;40751991;26488304;30484268;24212343;48641271;52323319;61876244;78761527;63459724;58183999;59266949;48731045;36573363;31400114;51634074;46040485;39765083;49264946;45497429;84480294;47278165;53583415;48193809;67695405;42391762;84932494;31067082;51867089;55618947;30941739;84291053;50911209;63268871;103458036;55073909;28965228;45778927;13874539;52873988;74084561;45786777;90194485;31706963;33026123;49100492;38010351;43185470;56645727;54755168;55510657;40492809;13877380;40697409;57139468;45568201;44368262;55722808;25330456;26028508;65313745;97479;83603567;53829854;59963537;40798392;51522845;54399885;38966643;52165264;32193268;66279257;30685091;70897990;57086132;44530205;39963522;63544473;38706236;75944636;39502667;26602504;39631664;45659752;32286023;49345536;13520100;32786546;28867578;48510467;40855430;43377130;24075827;48013098;41740789;52035132;47645174;50853719;44798708;69369009;44493391;-1;-1;-1;-1;-1;-1;-1;-1;-1;-1;-1;-1;-1;-1;-1;-1;-1;-1;-1;-1;-1;-1;-1;-1;-1;-1;-1;-1;-1;-1;-1;-1;-1;-1;-1;-1;-1;-1;-1;-1;-1;-1;-1;-1;-1;-1;-1;-1;-1;-1;-1;-1;-1;-1;-1;-1;-1;-1;-1;-1;-1;-1;-1;-1;-1;-1;-1;-1;-1;-1;-1;-1;-1;-1;-1;-1;-1;-1;-1;-1;-1;-1;-1;-1;-1;-1;-1;-1;-1;-1;-1;-1;-1;-1;-1;-1;-1;-1;-1;-1
mass_media;22822305;19802817;2158488;29302425;36941068;18496184;44759043;15755094;20035339;24565142;17655824;12818778;29534144;34001496;11982368;40316705;15548215;24199209;1331201;28759183;46813166;39456495;36348222;23783148;46257871;19542789;36621560;33393308;28261334;31162722;27659435;26284064;25232578;49388814;43517580;39856415;55286918;23601472;34350462;35226316;28429027;34691663;22759696;24881486;34044522;17842936;27532693;28202415;33704958;34732382;35213860;51948263;11546691;67991642;15722194;24190570;36662618;30576005;37538474;59199907;39985890;25567232;23304496;63009861;61743479;24136539;17406378;31256183;23877091;39915550;1672730;28658784;24187484;34539890;39734875;20772158;37753541;35994507;25371632;39445664;53211957;23419392;2785866;49849793;21730558;42814984;55611432;15738223;1739763;10933209;23315499;27000252;35100531;56560807;25613643;17862264;26493942;19720218;1744988;36456939;52418283;354372;11283947;35144827;39982632;40583748;59800369;49682465;28181075;52233542;29013846;20602865;20169232;25201586;54361599;73662138;88797119;24684922;27110765;56663625;42235118;36456996;47467513;90970169;28857956;44721377;39020606;28192313;35174131;41674686;33567915;21457410;50677967;52695815;39458189;48450492;23851971;35466805;48265019;34243323;23751836;23530727;45729680;3581843;88104622;45307316;42938969;38977847;40018862;48089421;42328702;26478611;41278445;4509806;998490;22959012;27131839;33598593;50553597;53911449;25106701;14899079;28602868;37974828;44848239;35585048;29234096;44883411;17733403;48984363;43460592;43727739;60556804;92631168;27863223;46241329;40730160;17703169;33202722;19555151;57635667;33737722;29520798;31481258;25853349;31591077;33598103;23202546;18346638;23431427;17235391;41598642;45865841;24337669;70289133;42697293;23832344;46449995;48144384;33358319;49132593;28741529;28618880;26310845;237818;27433357;57128022;23742946;18267912;33054564;25426051;32530357;47474202;6749510;6726778;24371598;36904805;41229781;45432378;35079699;45058308;29266855;27520916;42597541;41478965;41490097;47513151;41670248;102092121;38362552;18879502;42330731;19622130;91333900;42535075;24432306;28342573;52870744;29339188;37161326;65703714;4417660;56712419;14998340;92201928;35108101;29992264;40007581;24625990;15996149;42668869;23808636;42370413;31292985;444;31590705;23303030;65378530;49270568;39461004;41930235;39862031;52041405;26566316;34592700;64387052;55280261;49370947;36484873;55655611;32872895;25782930;51276527;52283130;30267390;44789379;55002066;34421725;32338269;80007768;28375477;47339470;58877702;57194141;15357840;46234135;38338316;33989187;44765966;53717724;83260588;31988966;27069463;23762795;53455934;36322853;57130930;38627576;34953557;29014900;25605598;25627534;28815494;41679064;33151232;48291474;87731259;27919462;36498615;34866950;56535814;36587299;29142293;50379954;33020393;82802561;910743;54110574;22750711;28517772;86880934;32718308;75253818;75297448;33864513;42899231;50708495;44576167;54108157;29716218;56255828;24408183;24653225;53756231;39918723;79925455;24127374;20035301;35077282;57925273;48631329;52901704;15108466;26230188;2112;35374184;81502460;4730335;7865622;69512678;-1;-1;-1;-1;-1;-1;-1;-1;-1;-1;-1;-1;-1;-1;-1;-1;-1;-1;-1;-1;-1;-1;-1;-1;-1;-1;-1;-1;-1;-1;-1;-1;-1;-1;-1;-1;-1;-1;-1;-1;-1;-1;-1;-1;-1;-1;-1;-1;-1;-1;-1;-1;-1;-1;-1;-1;-1;-1;-1;-1;-1;-1;-1;-1;-1;-1;-1;-1;-1;-1;-1;-1;-1;-1;-1;-1;-1;-1;-1;-1;-1;-1;-1;-1;-1;-1;-1;-1;-1;-1;-1;-1;-1;-1;-1;-1;-1;-1;-1;-1;-1;-1;-1;-1;-1;-1;-1;-1;-1;-1;-1;-1;-1;-1;-1;-1;-1;-1;-1;-1;-1;-1;-1;-1;-1;-1;-1;-1;-1;-1;-1;-1;-1;-1;-1;-1;-1;-1;-1;-1;-1;-1;-1;-1;-1;-1;-1;-1;-1;-1
nature_trav;32015300;65320054;91780871;33621085;63731512;27531145;42320333;56978134;42510378;72056047;95008888;26127512;57923129;31951162;41053835;48149358;42365455;35850395;28932606;55125709;60394803;49274535;50485628;54566161;99084459;72978381;33798093;35285306;92172762;35806721;93074026;98710138;23300841;35806476;59408595;53119556;34964358;10650687;67607055;48403989;70573559;35238813;33445697;80815034;83114630;8152398;31260648;43986473;103605906;50336153;97699068;27786135;47388963;73463414;62873186;73381940;40802770;69669211;44753104;54179178;33709813;48539843;69481155;28277850;102003418;18879883;52555170;87427845;68990512;37272264;40062539;35406511;64737373;35807273;33912731;35835432;30968755;70452169;39298095;34404956;97361429;53404156;61536639;31352326;23174180;33383239;70180895;51517618;29357458;39651759;57883717;43503681;33440105;64303583;33225973;40946716;39034715;54930509;43557661;27735111;35277280;145055;44053675;31221407;87111935;97478333;33191158;62692000;54147301;68229773;41451892;69774167;21039;46193616;92941078;33803847;87704399;17109233;29678528;106830266;66532120;41842105;46557038;7259019;72878918;74078545;73499207;42540727;63206356;74563179;39624683;23714812;39190395;36807660;75403144;30525491;41256247;49092080;74929921;57958155;35940644;46423465;56286809;50127613;35319024;71984183;38044058;54147255;28465143;25792;35485235;13009689;44704971;48364842;24822027;63117277;32311824;25682112;69764199;89255806;12595428;28921471;79557892;4185112;74356336;37222895;47421470;57090513;51405687;87336448;67741711;84429634;54407992;97429705;70815942;46165060;57904858;65805851;87346582;68723602;44794832;25186100;55423624;74578029;36020870;51750777;51982669;77961508;47864161;38278407;37772471;69949951;51986650;65341136;38322525;39705665;55401870;74251107;46884324;37222928;809804;54436377;18525821;74919452;34678547;33896408;33737197;54813843;31986488;40066437;-1;-1;-1;-1;-1;-1;-1;-1;-1;-1;-1;-1;-1;-1;-1;-1;-1;-1;-1;-1;-1;-1;-1;-1;-1;-1;-1;-1;-1;-1;-1;-1;-1;-1;-1;-1;-1;-1;-1;-1;-1;-1;-1;-1;-1;-1;-1;-1;-1;-1;-1;-1;-1;-1;-1;-1;-1;-1;-1;-1;-1;-1;-1;-1;-1;-1;-1;-1;-1;-1;-1;-1;-1;-1;-1;-1;-1;-1;-1;-1;-1;-1;-1;-1;-1;-1;-1;-1;-1;-1;-1;-1;-1;-1;-1;-1;-1;-1;-1;-1;-1;-1;-1;-1;-1;-1;-1;-1;-1;-1;-1;-1;-1;-1;-1;-1;-1;-1;-1;-1;-1;-1;-1;-1;-1;-1;-1;-1;-1;-1;-1;-1;-1;-1;-1;-1;-1;-1;-1;-1;-1;-1;-1;-1;-1;-1;-1;-1;-1;-1;-1;-1;-1;-1;-1;-1;-1;-1;-1;-1;-1;-1;-1;-1;-1;-1;-1;-1;-1;-1;-1;-1;-1;-1;-1;-1;-1;-1;-1;-1;-1;-1;-1;-1;-1;-1;-1;-1;-1;-1;-1;-1;-1;-1;-1;-1;-1;-1;-1;-1;-1;-1;-1;-1;-1;-1;-1;-1;-1;-1;-1;-1;-1;-1;-1;-1;-1;-1;-1;-1;-1;-1;-1;-1;-1;-1;-1;-1;-1;-1;-1;-1;-1;-1;-1;-1;-1;-1;-1;-1;-1;-1;-1;-1;-1;-1;-1;-1;-1;-1;-1;-1;-1;-1;-1;-1;-1;-1;-1;-1;-1;-1;-1;-1;-1;-1;-1;-1;-1;-1;-1;-1;-1;-1;-1;-1;-1;-1;-1;-1;-1;-1;-1;-1;-1;-1;-1;-1;-1;-1
otdih;43772432;31805219;65647630;45244683;23626127;17655824;23858239;35915449;35822250;28362355;54365244;39144813;42811897;27060808;43060231;42365455;61040032;64762359;35486596;86252957;60394803;23715713;46553715;38744784;88149968;57453591;50482479;31786047;57445402;5670814;38000361;44674375;37140910;42109398;49120988;62611753;34190934;29442323;42763971;59270032;52919650;40405577;38966129;67132434;50049819;35088843;45069630;23532060;35277521;40187253;34162826;57113265;29415100;58916750;56978134;74362568;2002;49407501;101725333;104375302;75243107;25559245;54625313;58683074;58329455;90187828;57923129;18616036;35057643;81930247;44834649;47900340;68029781;39153494;37678696;46719213;78473028;56584579;52839507;48997282;80795944;42277664;39614363;56369320;45513794;40264760;49208732;82895734;15012481;43346848;45119908;95460709;44475890;95170569;75374110;65997559;33242504;52314145;14662843;50021276;27378318;38491279;72948083;42930588;7321201;41833567;55948138;30932259;57907180;52997042;29080178;91568679;39651759;22753480;51071645;28739012;26141224;67565335;50236923;32125219;38191902;34847859;61849823;11392978;48729734;43157718;28943265;69530944;41944724;91377075;64201461;88305316;77443976;94674474;34944990;51858562;24433412;46598842;42981454;50535204;158761;34131214;33962148;33106344;96913110;96807430;89280697;72495085;832259;95008888;34084756;38686218;43503600;48961196;36965584;29485489;86589309;25368133;36806776;46509177;51794901;7875432;79085640;1056811;44256840;63776552;106674541;41809514;44924369;28651843;31887878;38358533;1141987;33291210;17346183;80275190;90051042;78339331;23522704;49040988;53800200;36832697;26592024;18972925;40695767;29503353;41200854;29633894;50662280;33598593;30540533;76155192;59591363;31030403;-1;-1;-1;-1;-1;-1;-1;-1;-1;-1;-1;-1;-1;-1;-1;-1;-1;-1;-1;-1;-1;-1;-1;-1;-1;-1;-1;-1;-1;-1;-1;-1;-1;-1;-1;-1;-1;-1;-1;-1;-1;-1;-1;-1;-1;-1;-1;-1;-1;-1;-1;-1;-1;-1;-1;-1;-1;-1;-1;-1;-1;-1;-1;-1;-1;-1;-1;-1;-1;-1;-1;-1;-1;-1;-1;-1;-1;-1;-1;-1;-1;-1;-1;-1;-1;-1;-1;-1;-1;-1;-1;-1;-1;-1;-1;-1;-1;-1;-1;-1;-1;-1;-1;-1;-1;-1;-1;-1;-1;-1;-1;-1;-1;-1;-1;-1;-1;-1;-1;-1;-1;-1;-1;-1;-1;-1;-1;-1;-1;-1;-1;-1;-1;-1;-1;-1;-1;-1;-1;-1;-1;-1;-1;-1;-1;-1;-1;-1;-1;-1;-1;-1;-1;-1;-1;-1;-1;-1;-1;-1;-1;-1;-1;-1;-1;-1;-1;-1;-1;-1;-1;-1;-1;-1;-1;-1;-1;-1;-1;-1;-1;-1;-1;-1;-1;-1;-1;-1;-1;-1;-1;-1;-1;-1;-1;-1;-1;-1;-1;-1;-1;-1;-1;-1;-1;-1;-1;-1;-1;-1;-1;-1;-1;-1;-1;-1;-1;-1;-1;-1;-1;-1;-1;-1;-1;-1;-1;-1;-1;-1;-1;-1;-1;-1;-1;-1;-1;-1;-1;-1;-1;-1;-1;-1;-1;-1;-1;-1;-1;-1;-1;-1;-1;-1;-1;-1;-1;-1;-1;-1;-1;-1;-1;-1;-1;-1;-1;-1;-1;-1;-1;-1;-1;-1;-1;-1;-1;-1;-1;-1;-1;-1;-1;-1;-1;-1;-1;-1;-1;-1;-1;-1;-1;-1;-1;-1;-1;-1;-1;-1;-1;-1;-1;-1;-1;-1
patriotism;53474;30233267;54962245;2785866;28509085;51754848;53473451;61706629;29634246;59311144;26310845;62965682;42452438;54845577;11240145;62358666;18923125;25205856;22292037;49956024;40483836;79014908;85934997;72942140;29626125;76971298;51563658;34709566;41379006;25679565;43112379;88487497;68705740;78141568;24855682;33080284;67152669;59036354;1470923;57760733;63283709;72589198;39523693;15667008;63960562;73155162;55501888;51548619;62483547;52468701;42141317;88298195;67648156;103611704;60560132;2486043;39059675;51304297;35822467;46420853;32226175;53550079;69755660;42120151;34794311;66959790;77090863;69574238;40136484;42279185;97300366;23322374;61816384;61915821;50307504;2185925;67429376;52606572;35968809;66492576;71646706;35182663;34285057;67697207;58910107;36792792;65186105;65525369;27548282;43107682;45232172;69418947;33417449;50381851;50121705;77009346;58342469;50886176;75760905;67120081;65733792;34906337;70015785;65158143;70227361;55254806;49037424;68692815;84927090;77716447;70903901;51361567;30962185;61538161;61750405;60464234;67092426;63575;61308019;39097132;68564357;51834025;52217782;7980152;49789766;20655237;70432292;38630245;34365812;60719762;30937071;30935720;50726115;71041165;72106196;67588681;52301160;67119447;43818021;64789438;75256884;59265448;42894105;39921606;65718178;28893670;49504782;10652484;67548187;62059012;81237593;49062379;79359376;15319603;71925034;-1;-1;-1;-1;-1;-1;-1;-1;-1;-1;-1;-1;-1;-1;-1;-1;-1;-1;-1;-1;-1;-1;-1;-1;-1;-1;-1;-1;-1;-1;-1;-1;-1;-1;-1;-1;-1;-1;-1;-1;-1;-1;-1;-1;-1;-1;-1;-1;-1;-1;-1;-1;-1;-1;-1;-1;-1;-1;-1;-1;-1;-1;-1;-1;-1;-1;-1;-1;-1;-1;-1;-1;-1;-1;-1;-1;-1;-1;-1;-1;-1;-1;-1;-1;-1;-1;-1;-1;-1;-1;-1;-1;-1;-1;-1;-1;-1;-1;-1;-1;-1;-1;-1;-1;-1;-1;-1;-1;-1;-1;-1;-1;-1;-1;-1;-1;-1;-1;-1;-1;-1;-1;-1;-1;-1;-1;-1;-1;-1;-1;-1;-1;-1;-1;-1;-1;-1;-1;-1;-1;-1;-1;-1;-1;-1;-1;-1;-1;-1;-1;-1;-1;-1;-1;-1;-1;-1;-1;-1;-1;-1;-1;-1;-1;-1;-1;-1;-1;-1;-1;-1;-1;-1;-1;-1;-1;-1;-1;-1;-1;-1;-1;-1;-1;-1;-1;-1;-1;-1;-1;-1;-1;-1;-1;-1;-1;-1;-1;-1;-1;-1;-1;-1;-1;-1;-1;-1;-1;-1;-1;-1;-1;-1;-1;-1;-1;-1;-1;-1;-1;-1;-1;-1;-1;-1;-1;-1;-1;-1;-1;-1;-1;-1;-1;-1;-1;-1;-1;-1;-1;-1;-1;-1;-1;-1;-1;-1;-1;-1;-1;-1;-1;-1;-1;-1;-1;-1;-1;-1;-1;-1;-1;-1;-1;-1;-1;-1;-1;-1;-1;-1;-1;-1;-1;-1;-1;-1;-1;-1;-1;-1;-1;-1;-1;-1;-1;-1;-1;-1;-1;-1;-1;-1;-1;-1;-1;-1;-1;-1;-1;-1;-1;-1;-1;-1;-1;-1;-1;-1;-1;-1;-1;-1;-1;-1;-1;-1;-1;-1;-1;-1;-1;-1;-1;-1;-1;-1;-1;-1;-1;-1;-1;-1;-1;-1;-1;-1;-1;-1;-1;-1;-1;-1;-1;-1
religion;42019180;29599237;40070457;29369324;30464713;32262187;45259519;44661356;25156647;27153974;26584586;30095235;46486149;28351911;26919587;31033230;23902804;57777198;30346527;34915066;34905447;4051472;46681648;31256547;26352450;86104816;35197590;53026268;27871414;80195164;31163840;40085404;33360510;28483376;85095687;26102269;31093229;36621546;25698409;27436993;29184795;51246568;30758979;25394450;3882224;24621674;80699237;26039642;32439206;25650713;55512460;57023849;30183288;55271994;32676242;34296071;33253796;25625807;34690511;27292572;41878238;42303473;25179627;83;39578856;54491407;24624935;33435188;87669534;25613097;42685725;36811600;23030430;25839607;38377943;28173339;54471468;2731354;26286875;30504651;85919025;89221239;29342594;25525985;29478415;55514992;66998711;57517875;38769308;37518916;24885353;42053739;61905683;27818799;71757383;103023491;11202796;39316413;88485747;24485413;48175775;67000511;42721863;39825947;32405613;38927315;35052626;45304878;62990461;38583041;71792781;42853697;50055505;51068436;28690395;1578815;66017832;56522575;31498397;34391083;73486125;45346726;86056044;38381738;68839195;77768311;30945927;28961290;88011957;36613735;38489461;31945121;44736950;83803067;44459881;28959046;51846676;51338772;41450914;41731879;48387375;26632431;33353022;59072154;25072293;53963178;25040609;32016034;27802474;1446943;29207065;67418083;42140169;29109785;48372544;92357108;27996813;40797317;21519222;39699908;20935567;25850038;28885763;46320036;102010691;52119189;70344453;65071090;69570251;37718525;29257154;42648274;42785068;25071389;28413834;29146740;36524265;1262304;29387315;90457204;26485179;42448172;49636711;39730914;46743633;38455759;49730303;69684408;62981313;87633913;25819222;44382171;26338501;34594396;43446740;965187;63788845;48005;33509748;26703367;33313838;79659156;97764339;28507232;25563529;22797031;64154207;57381845;93319067;24306179;38374190;6992733;50228838;39774128;83853569;65860460;56528781;49140176;49754939;36121057;38127302;53037377;62643138;52052049;38377587;33886;60784038;45020908;24506405;41512631;38156407;53404642;54648648;48386289;47870729;35740131;39676933;24579177;27688632;43668035;33629586;1511956;32620250;74022285;1301;29663700;24459974;55486955;41040956;34225330;68394622;33375984;59152078;31765933;49243928;51980461;26113539;70801948;34483406;52874738;27584674;59868736;34022873;87660089;41555569;75841641;51201171;56976899;22864488;27315412;90334891;68093135;43782915;102070468;73138376;-1;-1;-1;-1;-1;-1;-1;-1;-1;-1;-1;-1;-1;-1;-1;-1;-1;-1;-1;-1;-1;-1;-1;-1;-1;-1;-1;-1;-1;-1;-1;-1;-1;-1;-1;-1;-1;-1;-1;-1;-1;-1;-1;-1;-1;-1;-1;-1;-1;-1;-1;-1;-1;-1;-1;-1;-1;-1;-1;-1;-1;-1;-1;-1;-1;-1;-1;-1;-1;-1;-1;-1;-1;-1;-1;-1;-1;-1;-1;-1;-1;-1;-1;-1;-1;-1;-1;-1;-1;-1;-1;-1;-1;-1;-1;-1;-1;-1;-1;-1;-1;-1;-1;-1;-1;-1;-1;-1;-1;-1;-1;-1;-1;-1;-1;-1;-1;-1;-1;-1;-1;-1;-1;-1;-1;-1;-1;-1;-1;-1;-1;-1;-1;-1;-1;-1;-1;-1;-1;-1;-1;-1;-1;-1;-1;-1;-1;-1;-1;-1;-1;-1;-1;-1;-1;-1;-1;-1;-1;-1;-1;-1;-1;-1;-1;-1;-1;-1;-1;-1;-1;-1;-1;-1;-1;-1;-1;-1;-1;-1;-1;-1;-1;-1;-1;-1;-1;-1;-1;-1;-1;-1;-1;-1;-1;-1;-1;-1;-1;-1;-1;-1;-1;-1;-1;-1;-1;-1;-1;-1;-1;-1;-1;-1;-1;-1;-1;-1;-1;-1;-1;-1;-1;-1;-1
shoping;39111205;36941068;45318427;31872836;87389803;35806721;73730654;42365455;96457590;22884714;47923094;51888238;79644253;38310026;65795448;27659435;44652944;70075508;60957092;55286918;23601472;22781583;58377577;70034991;93943373;42351259;94143142;61001421;56978134;50512447;42225457;20470319;44934832;71098022;28465143;60780602;44366611;57127223;102006984;24190570;69180135;37538474;78340767;37053055;88561470;23941010;28616077;37923275;66287638;30315369;73078544;5240832;53675779;54625306;30637940;39915550;58058397;24749774;37255766;28691463;99686389;48149358;12593945;33089990;7321201;80984678;63919922;20772158;63023814;40850509;47249455;103931665;77088121;23416717;58180713;21730558;62374192;39651759;366003;56797700;42277094;54531288;108113587;49168094;63731512;31955143;34070005;56560807;25613643;30946462;76256400;54906556;29923450;26516308;74611457;100512914;33229454;69537775;50203176;50521368;61738954;44515433;29698527;3967881;59840447;5500016;74640030;36973724;27570276;63031327;74212448;30571708;23872073;42313049;89837325;10904345;29013846;40413717;17476286;62398803;83805188;46042333;23268451;14524722;49879051;33608666;47467513;37527521;23065151;93893399;89948291;28192313;41674686;86678270;99776591;27376778;14497613;99586373;16074624;67030402;79143797;23815832;24424385;37678462;43954953;75641514;31886247;92926990;54614491;42668538;68977600;25697392;62557634;59531231;40546932;74357832;3581843;72052252;81700902;55621091;69577246;30188326;52383628;94935318;32747779;42938969;75968780;73647779;57985393;82675691;46362181;51200479;35076695;45955039;79010330;32311538;79784221;35896353;61656136;94307268;56787547;18785005;53041883;64505865;25673590;101145537;52387165;69433306;74144008;72383889;59076968;32409346;39513007;73879451;21504602;66346345;57293684;64977840;20141965;24616098;78729210;39253850;61731746;40050857;18368735;55671937;7419811;48143171;31260648;1392957;40138308;35585048;58334476;43919099;48223187;27258011;68346008;61757390;22740461;103607635;46555865;75268493;39033805;50653370;47304327;66224762;50885209;83145598;57614298;32653825;67199893;23537353;84211675;58899698;43361795;103816637;21563141;62197201;37473310;57687939;37268163;60019300;78439835;41930339;51271270;57356646;29995722;17703169;77711129;103098169;101746647;8615582;78652739;67974749;65015436;62019049;86357289;27977089;61311349;37875518;92450084;12867;57595231;83672498;35558425;33598103;37807495;77779663;34636151;54370448;66960541;59480496;34728996;89049368;81378602;59235691;56574211;52976063;44134525;29630120;44339550;58472252;50252530;65334874;48880485;20455883;71169245;12078268;58947685;25947555;88868475;17078319;52257710;83397068;45236297;70949101;82461756;88365923;59803960;39959275;32735719;86442480;56579982;23832344;54306156;54997674;91138256;33358319;41380279;65402496;85836229;67626534;24405274;68024674;72133750;71992828;7202252;51067238;33803611;33946239;17760308;50560478;71056333;85614239;42229141;25209117;46598656;48383801;18879883;102024421;43986473;52654926;101499190;68229690;76525381;8862400;32898475;57656777;83946060;52850900;73731518;185360;35638980;64547953;32165164;57659973;74844629;70521456;34039024;70989413;-1;-1;-1;-1;-1;-1;-1;-1;-1;-1;-1;-1;-1;-1;-1;-1;-1;-1;-1;-1;-1;-1;-1;-1;-1;-1;-1;-1;-1;-1;-1;-1;-1;-1;-1;-1;-1;-1;-1;-1;-1;-1;-1;-1;-1;-1;-1;-1;-1;-1;-1;-1;-1;-1;-1;-1;-1;-1;-1;-1;-1;-1;-1;-1;-1;-1;-1;-1;-1;-1;-1;-1;-1;-1;-1;-1;-1;-1;-1;-1;-1;-1;-1;-1;-1;-1;-1;-1;-1;-1;-1;-1;-1;-1;-1;-1;-1;-1;-1;-1;-1;-1;-1;-1;-1;-1;-1;-1;-1;-1;-1;-1;-1;-1;-1;-1;-1;-1;-1;-1;-1;-1;-1;-1;-1;-1;-1;-1;-1;-1;-1;-1;-1;-1;-1;-1;-1;-1;-1;-1;-1;-1;-1;-1;-1;-1;-1;-1;-1;-1
social;36008740;23170931;23164653;25421850;33080201;30559917;34483558;29518065;28673372;28556858;40020304;28938560;23616160;39222216;43208313;439;29348258;49840023;42502560;32866108;34168005;40182105;26456494;30179770;26675756;37239975;38000455;33118494;34815360;35555559;40792446;90297478;42847684;46688098;27041765;36586077;47211280;54665275;40709983;43726747;44241745;51211972;29599237;31942200;29233217;41753137;35807216;52581249;56268383;30920694;41331435;40901026;41161680;34229261;42795635;35683607;42666155;34598021;70427221;35807213;84838988;47065038;80345103;32298967;46371384;33839375;38771560;38182092;44057096;51048597;26689767;39930420;39265861;34562829;34685858;49806185;63133420;41091051;64078163;25276999;55512551;32309508;46644924;34191936;54273322;46347604;57484669;33628480;34244008;58916750;33704958;50693869;23509777;43666542;30057637;28315843;45941254;54625313;96860212;41093434;70737879;73948343;43415607;60413081;41226912;39765355;35029664;57328618;43462612;34980638;53665863;23224608;58542211;51675727;75550611;41272222;46617904;62438886;49824939;27655043;632045;12248221;43919011;53841674;43251403;70291008;44239651;48797417;42277664;69750169;51933015;64206445;41697244;49866640;29809500;37859969;6386;40972136;67520928;17670199;38507668;29551471;44656690;43607398;57873780;37938407;25381090;44053412;70123305;105619072;36557224;35429642;72411703;31389465;70423685;24943107;92817366;47462810;40913132;23342771;59279540;30054158;33104681;37342757;47696395;34632252;86514133;35237657;40626080;94920838;89354174;43889870;58817259;45919874;44848088;50594521;89158223;38370037;74609442;41438047;59824456;43005314;49569537;79428638;3800580;35014956;22277555;23486475;53503880;5251193;34448718;63963917;95325074;65288654;41653980;17785825;40405598;43503630;39729087;26870268;61870716;42860499;43702826;38719972;45693808;54885043;101758385;81352233;54030029;50175127;40119410;75550743;20979064;81352731;81354264;26170520;55705670;39107759;40607937;66737700;40709605;50340573;44770386;47006029;41942392;35524891;62487884;54692681;27375897;37345998;25336231;81351135;100846994;94917592;34140928;48668368;44360037;53848976;40971498;38843669;46422551;43451381;32427993;85075676;38763308;15359976;76649930;49294900;36283224;34114416;37876217;43503600;49547350;50398948;16258570;40112959;95933074;49677715;32076649;50784188;54710480;60500123;51685009;41808612;29300166;35641178;67782575;31886247;46320614;26115263;88667175;87735621;94003050;37371171;76226866;37686027;74837480;42823947;-1;-1;-1;-1;-1;-1;-1;-1;-1;-1;-1;-1;-1;-1;-1;-1;-1;-1;-1;-1;-1;-1;-1;-1;-1;-1;-1;-1;-1;-1;-1;-1;-1;-1;-1;-1;-1;-1;-1;-1;-1;-1;-1;-1;-1;-1;-1;-1;-1;-1;-1;-1;-1;-1;-1;-1;-1;-1;-1;-1;-1;-1;-1;-1;-1;-1;-1;-1;-1;-1;-1;-1;-1;-1;-1;-1;-1;-1;-1;-1;-1;-1;-1;-1;-1;-1;-1;-1;-1;-1;-1;-1;-1;-1;-1;-1;-1;-1;-1;-1;-1;-1;-1;-1;-1;-1;-1;-1;-1;-1;-1;-1;-1;-1;-1;-1;-1;-1;-1;-1;-1;-1;-1;-1;-1;-1;-1;-1;-1;-1;-1;-1;-1;-1;-1;-1;-1;-1;-1;-1;-1;-1;-1;-1;-1;-1;-1;-1;-1;-1;-1;-1;-1;-1;-1;-1;-1;-1;-1;-1;-1;-1;-1;-1;-1;-1;-1;-1;-1;-1;-1;-1;-1;-1;-1;-1;-1;-1;-1;-1;-1;-1;-1;-1;-1;-1;-1;-1;-1;-1;-1;-1;-1;-1;-1;-1;-1;-1;-1;-1;-1;-1;-1;-1;-1;-1;-1;-1;-1;-1;-1;-1;-1;-1;-1;-1;-1;-1;-1;-1;-1;-1
sport;39444069;27794994;30712025;50672889;31545235;35783559;38290762;49680000;26614831;50939110;59257215;44729829;50630084;31071893;43632431;28086630;86152531;39276891;68393930;23951686;52095990;4093705;32422548;52383746;58020252;21090314;47686243;55682860;93144360;51712249;62846302;92664065;35034571;23062430;65620004;88728268;36373912;35807284;61979850;61477697;58910369;40040376;76794821;96885149;67920625;57569610;84350909;47209885;33404310;41741926;45407543;49603767;60314509;89287454;70469586;31163989;31904789;61793804;31554488;54905465;71988521;66698588;71863353;27973101;26352647;29694340;43979779;61701623;40850509;84259244;51184888;78004113;100833874;47528150;57578380;83971955;40500796;46927363;44826582;93792171;60545552;61189789;37140953;75393978;53216834;50684121;43234662;41343941;45732740;45201649;45188529;73172226;98340116;57484216;46764887;101820922;41331414;65098753;46531810;45671390;11544474;32806442;62119873;100835549;42216800;83079831;38134490;45799824;64328863;63956252;53195774;40810186;56959305;72542248;56360487;35412640;26210207;48149007;100585308;44375538;79494641;91769634;62788100;66159870;43110205;70391410;60358422;56635048;61793862;76520569;18946124;64657364;42956080;44497796;100609275;66444590;100172466;6588892;80377885;31717783;73912510;104856844;60804744;64717635;51933859;28973750;65893183;72774246;34756361;60634564;58781724;35330540;33881592;73514179;81172789;34197101;85287097;76951525;67016570;95287151;55795183;57838746;80655260;59669196;72569466;72587603;48530517;84646608;52512466;55882556;30298760;26511120;38234677;100835099;60736480;23348458;99864184;49983017;38316616;58690425;57334672;15738223;51481744;72631578;66643130;86123621;60753229;35676483;60561363;37862023;57644877;88428706;60915554;17670199;77841730;49299299;43278477;77711777;62110053;82999477;59835096;54988958;39924619;82935959;55524916;48451602;55878007;66315408;74168656;71020334;43979728;56861816;35806186;24886689;100834789;45313271;91706929;94766563;25124102;27091373;92140920;40701944;55323996;56197360;67855538;63496070;56985273;28651843;85707852;76223040;33375455;58479719;88623200;30127268;97162107;86353584;59069245;62557455;70212855;63785693;67855687;17785825;30397765;85000577;72527952;8782532;51280788;36400753;56810220;52170036;76964827;75194715;62613059;63070868;77809754;72037393;70106638;72090530;33652798;75538744;40045428;41196114;87440162;102853758;97893643;95084976;67582389;98932769;51258735;44975524;72726195;67487608;63416080;37911483;77456354;43848576;78561765;97695427;76596443;37771272;41593518;62796918;88969919;36690173;103009596;71457190;87605267;82895087;75419636;27259704;43065229;58551207;78720942;30127923;95058053;70390831;55904968;38226360;51318460;81631473;-1;-1;-1;-1;-1;-1;-1;-1;-1;-1;-1;-1;-1;-1;-1;-1;-1;-1;-1;-1;-1;-1;-1;-1;-1;-1;-1;-1;-1;-1;-1;-1;-1;-1;-1;-1;-1;-1;-1;-1;-1;-1;-1;-1;-1;-1;-1;-1;-1;-1;-1;-1;-1;-1;-1;-1;-1;-1;-1;-1;-1;-1;-1;-1;-1;-1;-1;-1;-1;-1;-1;-1;-1;-1;-1;-1;-1;-1;-1;-1;-1;-1;-1;-1;-1;-1;-1;-1;-1;-1;-1;-1;-1;-1;-1;-1;-1;-1;-1;-1;-1;-1;-1;-1;-1;-1;-1;-1;-1;-1;-1;-1;-1;-1;-1;-1;-1;-1;-1;-1;-1;-1;-1;-1;-1;-1;-1;-1;-1;-1;-1;-1;-1;-1;-1;-1;-1;-1;-1;-1;-1;-1;-1;-1;-1;-1;-1;-1;-1;-1;-1;-1;-1;-1;-1;-1;-1;-1;-1;-1;-1;-1;-1;-1;-1;-1;-1;-1;-1;-1;-1;-1;-1;-1;-1;-1;-1;-1;-1;-1;-1;-1;-1;-1;-1;-1;-1;-1;-1;-1;-1;-1;-1;-1;-1;-1;-1;-1;-1;-1
women;40498005;32432151;23337480;68114884;36318299;24985591;55074079;24722253;20249656;25714310;38707088;33382046;69223147;439;35232329;24652430;68518743;41987322;49603755;37086289;26438876;39476890;39733006;52361900;56492642;33152388;19899031;63657636;41450004;61040032;32612101;32142165;64762359;49730861;52512466;38465826;37140977;41449839;44881185;40709983;26759523;62510357;33294101;45378327;43498930;50256515;36443332;29667762;26515433;61796383;40496480;35171857;66630509;37987020;8163141;63405124;31262823;46275035;24394492;38447598;35972566;51398827;44222685;20676527;106277494;41300964;42656426;66362370;39839713;48220724;10175642;94556357;24847329;80483798;61982073;49914013;47297979;22712274;27559875;41654074;61371807;52647660;19186139;31562535;36621513;58122291;58824313;40708466;41032556;33342835;38087663;52953689;51887618;37100241;43928336;32753197;42304816;28503925;29773768;30104734;43556265;64078163;38000382;66822311;59953965;33334445;48331135;55387604;20753458;42295799;26538426;15898;13222132;35665805;48731463;61545911;49407501;36418654;37017542;69315418;40314048;41308136;27568239;46593573;36151153;44628203;58624415;49548635;47055712;40400929;40115848;31048778;29792064;64209172;50649816;57231331;29978438;33684017;38099545;19286732;2265395;77428844;65692354;11954516;53380412;48047688;64250751;47833802;91219016;34378843;39520418;46719213;51170068;65022221;29902006;36452155;39191411;36667515;64730803;24275537;34009026;38698925;50294423;47875773;41684819;42340084;35160087;52939762;39123679;47890682;41985435;39647201;51905956;22669267;45056973;42568897;33879083;35760250;91991207;35989941;46423971;50059253;42921989;43019120;34283158;8899089;12236177;49663154;77179361;24384059;61327545;21655534;28901219;26864171;95689698;57873780;103434757;76428692;33843101;59676833;65997559;43849838;44744406;44853756;38000393;41682596;42378182;37556569;75104505;63824733;27177185;47643959;36331806;41910964;33416103;53664217;44939685;48978;67386847;47119920;24278626;28077295;32277972;40297829;41153681;45835715;21734510;62091672;59002262;76032157;45587837;70384286;40527240;92377199;32836152;32621316;36448868;38969444;30158001;28753765;89581348;24266869;65974901;85462593;59949496;25355670;59575467;40298933;26486765;26603427;54007225;38584792;75572497;35929654;74335863;66651307;42846174;25653867;-1;-1;-1;-1;-1;-1;-1;-1;-1;-1;-1;-1;-1;-1;-1;-1;-1;-1;-1;-1;-1;-1;-1;-1;-1;-1;-1;-1;-1;-1;-1;-1;-1;-1;-1;-1;-1;-1;-1;-1;-1;-1;-1;-1;-1;-1;-1;-1;-1;-1;-1;-1;-1;-1;-1;-1;-1;-1;-1;-1;-1;-1;-1;-1;-1;-1;-1;-1;-1;-1;-1;-1;-1;-1;-1;-1;-1;-1;-1;-1;-1;-1;-1;-1;-1;-1;-1;-1;-1;-1;-1;-1;-1;-1;-1;-1;-1;-1;-1;-1;-1;-1;-1;-1;-1;-1;-1;-1;-1;-1;-1;-1;-1;-1;-1;-1;-1;-1;-1;-1;-1;-1;-1;-1;-1;-1;-1;-1;-1;-1;-1;-1;-1;-1;-1;-1;-1;-1;-1;-1;-1;-1;-1;-1;-1;-1;-1;-1;-1;-1;-1;-1;-1;-1;-1;-1;-1;-1;-1;-1;-1;-1;-1;-1;-1;-1;-1;-1;-1;-1;-1;-1;-1;-1;-1;-1;-1;-1;-1;-1;-1;-1;-1;-1;-1;-1;-1;-1;-1;-1;-1;-1;-1;-1;-1;-1;-1;-1;-1;-1;-1;-1;-1;-1;-1;-1;-1;-1;-1;-1;-1;-1;-1;-1;-1;-1;-1;-1;-1;-1;-1;-1;-1;-1;-1;-1;-1;-1;-1;-1;-1;-1;-1;-1;-1;-1;-1;-1;-1;-1;-1;-1